pair_id,category,russian_term,ukrainian_term,year,russian_count,ukrainian_count,total,adoption_ratio
1,geographical,Kiev,Kyiv,2000,0,9,9,1.0
1,geographical,Kiev,Kyiv,2001,0,5,5,1.0
1,geographical,Kiev,Kyiv,2002,34,10,44,0.2273
1,geographical,Kiev,Kyiv,2003,50,13,63,0.2063
1,geographical,Kiev,Kyiv,2004,0,16,16,1.0
1,geographical,Kiev,Kyiv,2005,0,25,25,1.0
1,geographical,Kiev,Kyiv,2006,38,17,55,0.3091
1,geographical,Kiev,Kyiv,2007,37,18,55,0.3273
1,geographical,Kiev,Kyiv,2008,44,25,69,0.3623
1,geographical,Kiev,Kyiv,2009,46,23,69,0.3333
1,geographical,Kiev,Kyiv,2010,46,38,84,0.4524
1,geographical,Kiev,Kyiv,2011,54,38,92,0.413
1,geographical,Kiev,Kyiv,2012,47,59,106,0.5566
1,geographical,Kiev,Kyiv,2013,71,64,135,0.4741
1,geographical,Kiev,Kyiv,2014,111,118,229,0.5153
1,geographical,Kiev,Kyiv,2015,80,116,196,0.5918
1,geographical,Kiev,Kyiv,2016,137,172,309,0.5566
1,geographical,Kiev,Kyiv,2017,114,189,303,0.6238
1,geographical,Kiev,Kyiv,2018,93,248,341,0.7273
1,geographical,Kiev,Kyiv,2019,136,368,504,0.7302
1,geographical,Kiev,Kyiv,2020,185,358,543,0.6593
1,geographical,Kiev,Kyiv,2021,95,455,550,0.8273
1,geographical,Kiev,Kyiv,2022,61,438,499,0.8778
1,geographical,Kiev,Kyiv,2023,58,485,543,0.8932
1,geographical,Kiev,Kyiv,2024,39,492,531,0.9266
1,geographical,Kiev,Kyiv,2025,37,711,748,0.9505
1,geographical,Kiev,Kyiv,2026,0,73,73,1.0
2,geographical,Kharkov,Kharkiv,2000,7,3,10,0.3
2,geographical,Kharkov,Kharkiv,2001,10,5,15,0.3333
2,geographical,Kharkov,Kharkiv,2002,13,5,18,0.2778
2,geographical,Kharkov,Kharkiv,2003,8,3,11,0.2727
2,geographical,Kharkov,Kharkiv,2004,14,5,19,0.2632
2,geographical,Kharkov,Kharkiv,2005,9,7,16,0.4375
2,geographical,Kharkov,Kharkiv,2006,6,8,14,0.5714
2,geographical,Kharkov,Kharkiv,2007,13,16,29,0.5517
2,geographical,Kharkov,Kharkiv,2008,17,7,24,0.2917
2,geographical,Kharkov,Kharkiv,2009,11,21,32,0.6562
2,geographical,Kharkov,Kharkiv,2010,17,18,35,0.5143
2,geographical,Kharkov,Kharkiv,2011,11,21,32,0.6562
2,geographical,Kharkov,Kharkiv,2012,16,29,45,0.6444
2,geographical,Kharkov,Kharkiv,2013,23,43,66,0.6515
2,geographical,Kharkov,Kharkiv,2014,24,47,71,0.662
2,geographical,Kharkov,Kharkiv,2015,22,49,71,0.6901
2,geographical,Kharkov,Kharkiv,2016,15,84,99,0.8485
2,geographical,Kharkov,Kharkiv,2017,36,86,122,0.7049
2,geographical,Kharkov,Kharkiv,2018,43,154,197,0.7817
2,geographical,Kharkov,Kharkiv,2019,43,211,254,0.8307
2,geographical,Kharkov,Kharkiv,2020,22,222,244,0.9098
2,geographical,Kharkov,Kharkiv,2021,29,221,250,0.884
2,geographical,Kharkov,Kharkiv,2022,28,176,204,0.8627
2,geographical,Kharkov,Kharkiv,2023,12,211,223,0.9462
2,geographical,Kharkov,Kharkiv,2024,11,230,241,0.9544
2,geographical,Kharkov,Kharkiv,2025,7,259,266,0.9737
2,geographical,Kharkov,Kharkiv,2026,0,39,39,1.0
3,geographical,Odessa,Odesa,2000,15,1,16,0.0625
3,geographical,Odessa,Odesa,2001,22,1,23,0.0435
3,geographical,Odessa,Odesa,2002,20,1,21,0.0476
3,geographical,Odessa,Odesa,2003,27,0,27,0.0
3,geographical,Odessa,Odesa,2004,20,0,20,0.0
3,geographical,Odessa,Odesa,2005,29,1,30,0.0333
3,geographical,Odessa,Odesa,2006,45,3,48,0.0625
3,geographical,Odessa,Odesa,2007,46,8,54,0.1481
3,geographical,Odessa,Odesa,2008,52,5,57,0.0877
3,geographical,Odessa,Odesa,2009,37,2,39,0.0513
3,geographical,Odessa,Odesa,2010,53,2,55,0.0364
3,geographical,Odessa,Odesa,2011,39,2,41,0.0488
3,geographical,Odessa,Odesa,2012,39,1,40,0.025
3,geographical,Odessa,Odesa,2013,59,4,63,0.0635
3,geographical,Odessa,Odesa,2014,57,9,66,0.1364
3,geographical,Odessa,Odesa,2015,85,24,109,0.2202
3,geographical,Odessa,Odesa,2016,103,12,115,0.1043
3,geographical,Odessa,Odesa,2017,131,24,155,0.1548
3,geographical,Odessa,Odesa,2018,156,49,205,0.239
3,geographical,Odessa,Odesa,2019,199,52,251,0.2072
3,geographical,Odessa,Odesa,2020,162,45,207,0.2174
3,geographical,Odessa,Odesa,2021,126,49,175,0.28
3,geographical,Odessa,Odesa,2022,86,89,175,0.5086
3,geographical,Odessa,Odesa,2023,91,126,217,0.5806
3,geographical,Odessa,Odesa,2024,41,117,158,0.7405
3,geographical,Odessa,Odesa,2025,77,129,206,0.6262
3,geographical,Odessa,Odesa,2026,17,10,27,0.3704
4,geographical,Lvov,Lviv,2000,6,8,14,0.5714
4,geographical,Lvov,Lviv,2001,0,11,11,1.0
4,geographical,Lvov,Lviv,2002,6,4,10,0.4
4,geographical,Lvov,Lviv,2003,0,18,18,1.0
4,geographical,Lvov,Lviv,2004,4,13,17,0.7647
4,geographical,Lvov,Lviv,2005,10,11,21,0.5238
4,geographical,Lvov,Lviv,2006,13,12,25,0.48
4,geographical,Lvov,Lviv,2007,14,16,30,0.5333
4,geographical,Lvov,Lviv,2008,11,24,35,0.6857
4,geographical,Lvov,Lviv,2009,14,40,54,0.7407
4,geographical,Lvov,Lviv,2010,11,34,45,0.7556
4,geographical,Lvov,Lviv,2011,11,45,56,0.8036
4,geographical,Lvov,Lviv,2012,9,60,69,0.8696
4,geographical,Lvov,Lviv,2013,5,107,112,0.9554
4,geographical,Lvov,Lviv,2014,37,100,137,0.7299
4,geographical,Lvov,Lviv,2015,12,90,102,0.8824
4,geographical,Lvov,Lviv,2016,25,161,186,0.8656
4,geographical,Lvov,Lviv,2017,27,170,197,0.8629
4,geographical,Lvov,Lviv,2018,11,231,242,0.9545
4,geographical,Lvov,Lviv,2019,21,307,328,0.936
4,geographical,Lvov,Lviv,2020,27,296,323,0.9164
4,geographical,Lvov,Lviv,2021,23,320,343,0.9329
4,geographical,Lvov,Lviv,2022,22,354,376,0.9415
4,geographical,Lvov,Lviv,2023,12,273,285,0.9579
4,geographical,Lvov,Lviv,2024,8,316,324,0.9753
4,geographical,Lvov,Lviv,2025,7,328,335,0.9791
4,geographical,Lvov,Lviv,2026,0,30,30,1.0
5,geographical,Zaporozhye,Zaporizhzhia,2001,1,0,1,0.0
5,geographical,Zaporozhye,Zaporizhzhia,2002,2,0,2,0.0
5,geographical,Zaporozhye,Zaporizhzhia,2003,1,0,1,0.0
5,geographical,Zaporozhye,Zaporizhzhia,2004,2,0,2,0.0
5,geographical,Zaporozhye,Zaporizhzhia,2005,1,1,2,0.5
5,geographical,Zaporozhye,Zaporizhzhia,2009,1,0,1,0.0
5,geographical,Zaporozhye,Zaporizhzhia,2010,2,0,2,0.0
5,geographical,Zaporozhye,Zaporizhzhia,2011,1,0,1,0.0
5,geographical,Zaporozhye,Zaporizhzhia,2012,4,0,4,0.0
5,geographical,Zaporozhye,Zaporizhzhia,2013,6,2,8,0.25
5,geographical,Zaporozhye,Zaporizhzhia,2014,1,1,2,0.5
5,geographical,Zaporozhye,Zaporizhzhia,2015,3,3,6,0.5
5,geographical,Zaporozhye,Zaporizhzhia,2016,5,6,11,0.5455
5,geographical,Zaporozhye,Zaporizhzhia,2017,8,15,23,0.6522
5,geographical,Zaporozhye,Zaporizhzhia,2018,9,21,30,0.7
5,geographical,Zaporozhye,Zaporizhzhia,2019,6,35,41,0.8537
5,geographical,Zaporozhye,Zaporizhzhia,2020,7,36,43,0.8372
5,geographical,Zaporozhye,Zaporizhzhia,2021,6,40,46,0.8696
5,geographical,Zaporozhye,Zaporizhzhia,2022,5,45,50,0.9
5,geographical,Zaporozhye,Zaporizhzhia,2023,4,40,44,0.9091
5,geographical,Zaporozhye,Zaporizhzhia,2024,10,52,62,0.8387
5,geographical,Zaporozhye,Zaporizhzhia,2025,2,38,40,0.95
5,geographical,Zaporozhye,Zaporizhzhia,2026,2,4,6,0.6667
6,geographical,Nikolaev,Mykolaiv,2000,4,1,5,0.2
6,geographical,Nikolaev,Mykolaiv,2001,3,0,3,0.0
6,geographical,Nikolaev,Mykolaiv,2002,0,1,1,1.0
6,geographical,Nikolaev,Mykolaiv,2003,7,0,7,0.0
6,geographical,Nikolaev,Mykolaiv,2005,3,4,7,0.5714
6,geographical,Nikolaev,Mykolaiv,2007,0,1,1,1.0
6,geographical,Nikolaev,Mykolaiv,2008,6,0,6,0.0
6,geographical,Nikolaev,Mykolaiv,2009,5,1,6,0.1667
6,geographical,Nikolaev,Mykolaiv,2010,7,0,7,0.0
6,geographical,Nikolaev,Mykolaiv,2011,7,0,7,0.0
6,geographical,Nikolaev,Mykolaiv,2012,12,5,17,0.2941
6,geographical,Nikolaev,Mykolaiv,2013,8,4,12,0.3333
6,geographical,Nikolaev,Mykolaiv,2014,6,2,8,0.25
6,geographical,Nikolaev,Mykolaiv,2015,8,7,15,0.4667
6,geographical,Nikolaev,Mykolaiv,2016,12,3,15,0.2
6,geographical,Nikolaev,Mykolaiv,2017,9,9,18,0.5
6,geographical,Nikolaev,Mykolaiv,2018,6,7,13,0.5385
6,geographical,Nikolaev,Mykolaiv,2019,20,32,52,0.6154
6,geographical,Nikolaev,Mykolaiv,2020,17,32,49,0.6531
6,geographical,Nikolaev,Mykolaiv,2021,12,12,24,0.5
6,geographical,Nikolaev,Mykolaiv,2022,10,13,23,0.5652
6,geographical,Nikolaev,Mykolaiv,2023,7,31,38,0.8158
6,geographical,Nikolaev,Mykolaiv,2024,17,38,55,0.6909
6,geographical,Nikolaev,Mykolaiv,2025,6,48,54,0.8889
6,geographical,Nikolaev,Mykolaiv,2026,0,16,16,1.0
7,geographical,Dnepropetrovsk,Dnipro,2000,3,1,4,0.25
7,geographical,Dnepropetrovsk,Dnipro,2002,0,2,2,1.0
7,geographical,Dnepropetrovsk,Dnipro,2003,2,0,2,0.0
7,geographical,Dnepropetrovsk,Dnipro,2004,0,2,2,1.0
7,geographical,Dnepropetrovsk,Dnipro,2005,3,4,7,0.5714
7,geographical,Dnepropetrovsk,Dnipro,2006,0,5,5,1.0
7,geographical,Dnepropetrovsk,Dnipro,2007,2,1,3,0.3333
7,geographical,Dnepropetrovsk,Dnipro,2008,3,1,4,0.25
7,geographical,Dnepropetrovsk,Dnipro,2009,2,0,2,0.0
7,geographical,Dnepropetrovsk,Dnipro,2010,2,7,9,0.7778
7,geographical,Dnepropetrovsk,Dnipro,2011,2,1,3,0.3333
7,geographical,Dnepropetrovsk,Dnipro,2012,10,5,15,0.3333
7,geographical,Dnepropetrovsk,Dnipro,2013,10,5,15,0.3333
7,geographical,Dnepropetrovsk,Dnipro,2014,4,9,13,0.6923
7,geographical,Dnepropetrovsk,Dnipro,2015,10,9,19,0.4737
7,geographical,Dnepropetrovsk,Dnipro,2016,9,35,44,0.7955
7,geographical,Dnepropetrovsk,Dnipro,2017,12,44,56,0.7857
7,geographical,Dnepropetrovsk,Dnipro,2018,6,79,85,0.9294
7,geographical,Dnepropetrovsk,Dnipro,2019,3,74,77,0.961
7,geographical,Dnepropetrovsk,Dnipro,2020,19,70,89,0.7865
7,geographical,Dnepropetrovsk,Dnipro,2021,6,84,90,0.9333
7,geographical,Dnepropetrovsk,Dnipro,2022,0,97,97,1.0
7,geographical,Dnepropetrovsk,Dnipro,2023,2,122,124,0.9839
7,geographical,Dnepropetrovsk,Dnipro,2024,2,128,130,0.9846
7,geographical,Dnepropetrovsk,Dnipro,2025,0,162,162,1.0
7,geographical,Dnepropetrovsk,Dnipro,2026,0,27,27,1.0
8,geographical,Vinnitsa,Vinnytsia,2001,1,0,1,0.0
8,geographical,Vinnitsa,Vinnytsia,2002,1,1,2,0.5
8,geographical,Vinnitsa,Vinnytsia,2004,2,0,2,0.0
8,geographical,Vinnitsa,Vinnytsia,2005,1,0,1,0.0
8,geographical,Vinnitsa,Vinnytsia,2009,3,0,3,0.0
8,geographical,Vinnitsa,Vinnytsia,2011,3,1,4,0.25
8,geographical,Vinnitsa,Vinnytsia,2012,2,2,4,0.5
8,geographical,Vinnitsa,Vinnytsia,2013,3,5,8,0.625
8,geographical,Vinnitsa,Vinnytsia,2014,2,11,13,0.8462
8,geographical,Vinnitsa,Vinnytsia,2015,9,9,18,0.5
8,geographical,Vinnitsa,Vinnytsia,2016,7,16,23,0.6957
8,geographical,Vinnitsa,Vinnytsia,2017,3,16,19,0.8421
8,geographical,Vinnitsa,Vinnytsia,2018,5,20,25,0.8
8,geographical,Vinnitsa,Vinnytsia,2019,9,37,46,0.8043
8,geographical,Vinnitsa,Vinnytsia,2020,13,54,67,0.806
8,geographical,Vinnitsa,Vinnytsia,2021,14,34,48,0.7083
8,geographical,Vinnitsa,Vinnytsia,2022,7,37,44,0.8409
8,geographical,Vinnitsa,Vinnytsia,2023,3,44,47,0.9362
8,geographical,Vinnitsa,Vinnytsia,2024,0,37,37,1.0
8,geographical,Vinnitsa,Vinnytsia,2025,0,40,40,1.0
8,geographical,Vinnitsa,Vinnytsia,2026,0,5,5,1.0
9,geographical,Rovno,Rivne,2000,2,0,2,0.0
9,geographical,Rovno,Rivne,2001,2,2,4,0.5
9,geographical,Rovno,Rivne,2004,2,0,2,0.0
9,geographical,Rovno,Rivne,2005,0,1,1,1.0
9,geographical,Rovno,Rivne,2006,8,0,8,0.0
9,geographical,Rovno,Rivne,2007,3,0,3,0.0
9,geographical,Rovno,Rivne,2008,7,1,8,0.125
9,geographical,Rovno,Rivne,2009,8,1,9,0.1111
9,geographical,Rovno,Rivne,2010,10,8,18,0.4444
9,geographical,Rovno,Rivne,2011,14,5,19,0.2632
9,geographical,Rovno,Rivne,2012,15,7,22,0.3182
9,geographical,Rovno,Rivne,2013,18,8,26,0.3077
9,geographical,Rovno,Rivne,2014,9,18,27,0.6667
9,geographical,Rovno,Rivne,2015,11,25,36,0.6944
9,geographical,Rovno,Rivne,2016,11,15,26,0.5769
9,geographical,Rovno,Rivne,2017,5,16,21,0.7619
9,geographical,Rovno,Rivne,2018,17,31,48,0.6458
9,geographical,Rovno,Rivne,2019,13,32,45,0.7111
9,geographical,Rovno,Rivne,2020,15,43,58,0.7414
9,geographical,Rovno,Rivne,2021,37,21,58,0.3621
9,geographical,Rovno,Rivne,2022,27,31,58,0.5345
9,geographical,Rovno,Rivne,2023,15,41,56,0.7321
9,geographical,Rovno,Rivne,2024,24,27,51,0.5294
9,geographical,Rovno,Rivne,2025,63,32,95,0.3368
9,geographical,Rovno,Rivne,2026,76,4,80,0.05
10,geographical,Chernobyl,Chornobyl,2000,187,21,208,0.101
10,geographical,Chernobyl,Chornobyl,2001,192,19,211,0.09
10,geographical,Chernobyl,Chornobyl,2002,234,14,248,0.0565
10,geographical,Chernobyl,Chornobyl,2003,191,10,201,0.0498
10,geographical,Chernobyl,Chornobyl,2004,155,3,158,0.019
10,geographical,Chernobyl,Chornobyl,2005,166,12,178,0.0674
10,geographical,Chernobyl,Chornobyl,2006,287,18,305,0.059
10,geographical,Chernobyl,Chornobyl,2007,198,8,206,0.0388
10,geographical,Chernobyl,Chornobyl,2008,151,10,161,0.0621
10,geographical,Chernobyl,Chornobyl,2009,180,3,183,0.0164
10,geographical,Chernobyl,Chornobyl,2010,135,8,143,0.0559
10,geographical,Chernobyl,Chornobyl,2011,280,11,291,0.0378
10,geographical,Chernobyl,Chornobyl,2012,212,5,217,0.023
10,geographical,Chernobyl,Chornobyl,2013,199,22,221,0.0995
10,geographical,Chernobyl,Chornobyl,2014,168,31,199,0.1558
10,geographical,Chernobyl,Chornobyl,2015,201,21,222,0.0946
10,geographical,Chernobyl,Chornobyl,2016,317,53,370,0.1432
10,geographical,Chernobyl,Chornobyl,2017,206,28,234,0.1197
10,geographical,Chernobyl,Chornobyl,2018,190,44,234,0.188
10,geographical,Chernobyl,Chornobyl,2019,256,61,317,0.1924
10,geographical,Chernobyl,Chornobyl,2020,297,64,361,0.1773
10,geographical,Chernobyl,Chornobyl,2021,269,54,323,0.1672
10,geographical,Chernobyl,Chornobyl,2022,186,70,256,0.2734
10,geographical,Chernobyl,Chornobyl,2023,149,73,222,0.3288
10,geographical,Chernobyl,Chornobyl,2024,168,98,266,0.3684
10,geographical,Chernobyl,Chornobyl,2025,171,89,260,0.3423
10,geographical,Chernobyl,Chornobyl,2026,45,13,58,0.2241
11,geographical,Lugansk,Luhansk,2000,0,1,1,1.0
11,geographical,Lugansk,Luhansk,2002,0,1,1,1.0
11,geographical,Lugansk,Luhansk,2003,0,2,2,1.0
11,geographical,Lugansk,Luhansk,2004,1,0,1,0.0
11,geographical,Lugansk,Luhansk,2005,2,0,2,0.0
11,geographical,Lugansk,Luhansk,2007,1,0,1,0.0
11,geographical,Lugansk,Luhansk,2008,1,2,3,0.6667
11,geographical,Lugansk,Luhansk,2009,5,0,5,0.0
11,geographical,Lugansk,Luhansk,2010,1,0,1,0.0
11,geographical,Lugansk,Luhansk,2011,1,0,1,0.0
11,geographical,Lugansk,Luhansk,2012,5,1,6,0.1667
11,geographical,Lugansk,Luhansk,2013,6,6,12,0.5
11,geographical,Lugansk,Luhansk,2014,4,6,10,0.6
11,geographical,Lugansk,Luhansk,2015,7,5,12,0.4167
11,geographical,Lugansk,Luhansk,2016,6,5,11,0.4545
11,geographical,Lugansk,Luhansk,2017,4,13,17,0.7647
11,geographical,Lugansk,Luhansk,2018,6,17,23,0.7391
11,geographical,Lugansk,Luhansk,2019,10,25,35,0.7143
11,geographical,Lugansk,Luhansk,2020,10,38,48,0.7917
11,geographical,Lugansk,Luhansk,2021,11,46,57,0.807
11,geographical,Lugansk,Luhansk,2022,18,41,59,0.6949
11,geographical,Lugansk,Luhansk,2023,12,36,48,0.75
11,geographical,Lugansk,Luhansk,2024,17,24,41,0.5854
11,geographical,Lugansk,Luhansk,2025,15,24,39,0.6154
11,geographical,Lugansk,Luhansk,2026,5,9,14,0.6429
15,geographical,Dnieper,Dnipro,2000,29,1,30,0.0333
15,geographical,Dnieper,Dnipro,2001,11,0,11,0.0
15,geographical,Dnieper,Dnipro,2002,17,2,19,0.1053
15,geographical,Dnieper,Dnipro,2003,24,0,24,0.0
15,geographical,Dnieper,Dnipro,2004,12,2,14,0.1429
15,geographical,Dnieper,Dnipro,2005,7,4,11,0.3636
15,geographical,Dnieper,Dnipro,2006,26,5,31,0.1613
15,geographical,Dnieper,Dnipro,2007,18,1,19,0.0526
15,geographical,Dnieper,Dnipro,2008,18,1,19,0.0526
15,geographical,Dnieper,Dnipro,2009,20,0,20,0.0
15,geographical,Dnieper,Dnipro,2010,27,7,34,0.2059
15,geographical,Dnieper,Dnipro,2011,24,1,25,0.04
15,geographical,Dnieper,Dnipro,2012,15,5,20,0.25
15,geographical,Dnieper,Dnipro,2013,36,5,41,0.122
15,geographical,Dnieper,Dnipro,2014,42,9,51,0.1765
15,geographical,Dnieper,Dnipro,2015,53,9,62,0.1452
15,geographical,Dnieper,Dnipro,2016,64,35,99,0.3535
15,geographical,Dnieper,Dnipro,2017,57,44,101,0.4356
15,geographical,Dnieper,Dnipro,2018,81,79,160,0.4938
15,geographical,Dnieper,Dnipro,2019,94,74,168,0.4405
15,geographical,Dnieper,Dnipro,2020,137,70,207,0.3382
15,geographical,Dnieper,Dnipro,2021,110,84,194,0.433
15,geographical,Dnieper,Dnipro,2022,84,97,181,0.5359
15,geographical,Dnieper,Dnipro,2023,50,122,172,0.7093
15,geographical,Dnieper,Dnipro,2024,59,128,187,0.6845
15,geographical,Dnieper,Dnipro,2025,62,162,224,0.7232
15,geographical,Dnieper,Dnipro,2026,7,27,34,0.7941
16,geographical,Dniester,Dnister,2000,4,3,7,0.4286
16,geographical,Dniester,Dnister,2001,4,1,5,0.2
16,geographical,Dniester,Dnister,2002,0,1,1,1.0
16,geographical,Dniester,Dnister,2003,4,0,4,0.0
16,geographical,Dniester,Dnister,2004,6,1,7,0.1429
16,geographical,Dniester,Dnister,2005,3,0,3,0.0
16,geographical,Dniester,Dnister,2006,7,2,9,0.2222
16,geographical,Dniester,Dnister,2007,4,0,4,0.0
16,geographical,Dniester,Dnister,2008,5,2,7,0.2857
16,geographical,Dniester,Dnister,2009,9,2,11,0.1818
16,geographical,Dniester,Dnister,2010,10,2,12,0.1667
16,geographical,Dniester,Dnister,2011,8,2,10,0.2
16,geographical,Dniester,Dnister,2012,12,3,15,0.2
16,geographical,Dniester,Dnister,2013,19,1,20,0.05
16,geographical,Dniester,Dnister,2014,23,1,24,0.0417
16,geographical,Dniester,Dnister,2015,20,2,22,0.0909
16,geographical,Dniester,Dnister,2016,25,3,28,0.1071
16,geographical,Dniester,Dnister,2017,39,7,46,0.1522
16,geographical,Dniester,Dnister,2018,54,13,67,0.194
16,geographical,Dniester,Dnister,2019,42,14,56,0.25
16,geographical,Dniester,Dnister,2020,56,18,74,0.2432
16,geographical,Dniester,Dnister,2021,75,20,95,0.2105
16,geographical,Dniester,Dnister,2022,50,11,61,0.1803
16,geographical,Dniester,Dnister,2023,44,16,60,0.2667
16,geographical,Dniester,Dnister,2024,111,9,120,0.075
16,geographical,Dniester,Dnister,2025,57,9,66,0.1364
16,geographical,Dniester,Dnister,2026,8,0,8,0.0
17,geographical,Donbass,Donbas,2000,4,11,15,0.7333
17,geographical,Donbass,Donbas,2001,0,2,2,1.0
17,geographical,Donbass,Donbas,2002,6,6,12,0.5
17,geographical,Donbass,Donbas,2003,3,15,18,0.8333
17,geographical,Donbass,Donbas,2004,0,3,3,1.0
17,geographical,Donbass,Donbas,2005,3,3,6,0.5
17,geographical,Donbass,Donbas,2006,8,4,12,0.3333
17,geographical,Donbass,Donbas,2007,4,5,9,0.5556
17,geographical,Donbass,Donbas,2008,0,5,5,1.0
17,geographical,Donbass,Donbas,2009,7,5,12,0.4167
17,geographical,Donbass,Donbas,2010,10,5,15,0.3333
17,geographical,Donbass,Donbas,2011,10,6,16,0.375
17,geographical,Donbass,Donbas,2012,5,6,11,0.5455
17,geographical,Donbass,Donbas,2013,15,2,17,0.1176
17,geographical,Donbass,Donbas,2014,23,20,43,0.4651
17,geographical,Donbass,Donbas,2015,38,57,95,0.6
17,geographical,Donbass,Donbas,2016,54,31,85,0.3647
17,geographical,Donbass,Donbas,2017,52,43,95,0.4526
17,geographical,Donbass,Donbas,2018,49,59,108,0.5463
17,geographical,Donbass,Donbas,2019,75,82,157,0.5223
17,geographical,Donbass,Donbas,2020,63,86,149,0.5772
17,geographical,Donbass,Donbas,2021,77,85,162,0.5247
17,geographical,Donbass,Donbas,2022,56,68,124,0.5484
17,geographical,Donbass,Donbas,2023,62,71,133,0.5338
17,geographical,Donbass,Donbas,2024,59,56,115,0.487
17,geographical,Donbass,Donbas,2025,62,63,125,0.504
17,geographical,Donbass,Donbas,2026,14,10,24,0.4167
19,geographical,Zakarpatye,Zakarpattia,2000,0,1,1,1.0
19,geographical,Zakarpatye,Zakarpattia,2007,1,0,1,0.0
19,geographical,Zakarpatye,Zakarpattia,2010,0,3,3,1.0
19,geographical,Zakarpatye,Zakarpattia,2011,0,1,1,1.0
19,geographical,Zakarpatye,Zakarpattia,2012,0,1,1,1.0
19,geographical,Zakarpatye,Zakarpattia,2013,0,2,2,1.0
19,geographical,Zakarpatye,Zakarpattia,2014,0,4,4,1.0
19,geographical,Zakarpatye,Zakarpattia,2015,0,4,4,1.0
19,geographical,Zakarpatye,Zakarpattia,2016,0,1,1,1.0
19,geographical,Zakarpatye,Zakarpattia,2017,0,3,3,1.0
19,geographical,Zakarpatye,Zakarpattia,2018,0,8,8,1.0
19,geographical,Zakarpatye,Zakarpattia,2019,0,8,8,1.0
19,geographical,Zakarpatye,Zakarpattia,2020,0,14,14,1.0
19,geographical,Zakarpatye,Zakarpattia,2021,0,12,12,1.0
19,geographical,Zakarpatye,Zakarpattia,2022,0,9,9,1.0
19,geographical,Zakarpatye,Zakarpattia,2023,0,12,12,1.0
19,geographical,Zakarpatye,Zakarpattia,2024,0,19,19,1.0
19,geographical,Zakarpatye,Zakarpattia,2025,0,45,45,1.0
19,geographical,Zakarpatye,Zakarpattia,2026,0,7,7,1.0
20,geographical,Podolye,Podillia,2007,0,1,1,1.0
20,geographical,Podolye,Podillia,2009,1,2,3,0.6667
20,geographical,Podolye,Podillia,2010,0,4,4,1.0
20,geographical,Podolye,Podillia,2011,0,4,4,1.0
20,geographical,Podolye,Podillia,2012,0,3,3,1.0
20,geographical,Podolye,Podillia,2013,0,9,9,1.0
20,geographical,Podolye,Podillia,2014,1,2,3,0.6667
20,geographical,Podolye,Podillia,2015,0,4,4,1.0
20,geographical,Podolye,Podillia,2016,0,9,9,1.0
20,geographical,Podolye,Podillia,2017,0,12,12,1.0
20,geographical,Podolye,Podillia,2018,0,15,15,1.0
20,geographical,Podolye,Podillia,2019,1,20,21,0.9524
20,geographical,Podolye,Podillia,2020,1,18,19,0.9474
20,geographical,Podolye,Podillia,2021,1,34,35,0.9714
20,geographical,Podolye,Podillia,2022,0,39,39,1.0
20,geographical,Podolye,Podillia,2023,0,38,38,1.0
20,geographical,Podolye,Podillia,2024,0,38,38,1.0
20,geographical,Podolye,Podillia,2025,0,40,40,1.0
20,geographical,Podolye,Podillia,2026,0,3,3,1.0
38,geographical,Chernigov,Chernihiv,2000,3,0,3,0.0
38,geographical,Chernigov,Chernihiv,2003,2,2,4,0.5
38,geographical,Chernigov,Chernihiv,2004,4,0,4,0.0
38,geographical,Chernigov,Chernihiv,2005,0,1,1,1.0
38,geographical,Chernigov,Chernihiv,2006,3,0,3,0.0
38,geographical,Chernigov,Chernihiv,2008,2,2,4,0.5
38,geographical,Chernigov,Chernihiv,2009,0,1,1,1.0
38,geographical,Chernigov,Chernihiv,2010,0,1,1,1.0
38,geographical,Chernigov,Chernihiv,2012,0,1,1,1.0
38,geographical,Chernigov,Chernihiv,2013,2,8,10,0.8
38,geographical,Chernigov,Chernihiv,2014,5,9,14,0.6429
38,geographical,Chernigov,Chernihiv,2015,3,9,12,0.75
38,geographical,Chernigov,Chernihiv,2016,6,18,24,0.75
38,geographical,Chernigov,Chernihiv,2017,5,12,17,0.7059
38,geographical,Chernigov,Chernihiv,2018,5,22,27,0.8148
38,geographical,Chernigov,Chernihiv,2019,8,37,45,0.8222
38,geographical,Chernigov,Chernihiv,2020,5,59,64,0.9219
38,geographical,Chernigov,Chernihiv,2021,5,51,56,0.9107
38,geographical,Chernigov,Chernihiv,2022,5,26,31,0.8387
38,geographical,Chernigov,Chernihiv,2023,6,50,56,0.8929
38,geographical,Chernigov,Chernihiv,2024,6,51,57,0.8947
38,geographical,Chernigov,Chernihiv,2025,2,47,49,0.9592
38,geographical,Chernigov,Chernihiv,2026,0,11,11,1.0
39,geographical,Chernovtsy,Chernivtsi,2000,0,2,2,1.0
39,geographical,Chernovtsy,Chernivtsi,2001,0,1,1,1.0
39,geographical,Chernovtsy,Chernivtsi,2002,0,4,4,1.0
39,geographical,Chernovtsy,Chernivtsi,2004,0,2,2,1.0
39,geographical,Chernovtsy,Chernivtsi,2005,1,1,2,0.5
39,geographical,Chernovtsy,Chernivtsi,2006,1,5,6,0.8333
39,geographical,Chernovtsy,Chernivtsi,2007,0,1,1,1.0
39,geographical,Chernovtsy,Chernivtsi,2009,0,4,4,1.0
39,geographical,Chernovtsy,Chernivtsi,2010,0,7,7,1.0
39,geographical,Chernovtsy,Chernivtsi,2011,0,4,4,1.0
39,geographical,Chernovtsy,Chernivtsi,2012,0,7,7,1.0
39,geographical,Chernovtsy,Chernivtsi,2013,0,14,14,1.0
39,geographical,Chernovtsy,Chernivtsi,2014,0,27,27,1.0
39,geographical,Chernovtsy,Chernivtsi,2015,0,14,14,1.0
39,geographical,Chernovtsy,Chernivtsi,2016,0,25,25,1.0
39,geographical,Chernovtsy,Chernivtsi,2017,0,32,32,1.0
39,geographical,Chernovtsy,Chernivtsi,2018,0,31,31,1.0
39,geographical,Chernovtsy,Chernivtsi,2019,0,45,45,1.0
39,geographical,Chernovtsy,Chernivtsi,2020,2,46,48,0.9583
39,geographical,Chernovtsy,Chernivtsi,2021,1,35,36,0.9722
39,geographical,Chernovtsy,Chernivtsi,2022,0,45,45,1.0
39,geographical,Chernovtsy,Chernivtsi,2023,0,34,34,1.0
39,geographical,Chernovtsy,Chernivtsi,2024,0,44,44,1.0
39,geographical,Chernovtsy,Chernivtsi,2025,0,47,47,1.0
39,geographical,Chernovtsy,Chernivtsi,2026,0,7,7,1.0
40,geographical,Zhitomir,Zhytomyr,2000,0,2,2,1.0
40,geographical,Zhitomir,Zhytomyr,2001,2,0,2,0.0
40,geographical,Zhitomir,Zhytomyr,2002,1,2,3,0.6667
40,geographical,Zhitomir,Zhytomyr,2003,1,1,2,0.5
40,geographical,Zhitomir,Zhytomyr,2004,2,3,5,0.6
40,geographical,Zhitomir,Zhytomyr,2006,1,2,3,0.6667
40,geographical,Zhitomir,Zhytomyr,2007,0,4,4,1.0
40,geographical,Zhitomir,Zhytomyr,2008,0,5,5,1.0
40,geographical,Zhitomir,Zhytomyr,2009,2,5,7,0.7143
40,geographical,Zhitomir,Zhytomyr,2010,1,4,5,0.8
40,geographical,Zhitomir,Zhytomyr,2011,3,4,7,0.5714
40,geographical,Zhitomir,Zhytomyr,2012,7,8,15,0.5333
40,geographical,Zhitomir,Zhytomyr,2013,0,9,9,1.0
40,geographical,Zhitomir,Zhytomyr,2014,4,18,22,0.8182
40,geographical,Zhitomir,Zhytomyr,2015,4,8,12,0.6667
40,geographical,Zhitomir,Zhytomyr,2016,3,40,43,0.9302
40,geographical,Zhitomir,Zhytomyr,2017,5,27,32,0.8438
40,geographical,Zhitomir,Zhytomyr,2018,1,48,49,0.9796
40,geographical,Zhitomir,Zhytomyr,2019,5,48,53,0.9057
40,geographical,Zhitomir,Zhytomyr,2020,4,49,53,0.9245
40,geographical,Zhitomir,Zhytomyr,2021,2,64,66,0.9697
40,geographical,Zhitomir,Zhytomyr,2022,0,48,48,1.0
40,geographical,Zhitomir,Zhytomyr,2023,0,56,56,1.0
40,geographical,Zhitomir,Zhytomyr,2024,0,65,65,1.0
40,geographical,Zhitomir,Zhytomyr,2025,1,91,92,0.9891
40,geographical,Zhitomir,Zhytomyr,2026,1,12,13,0.9231
41,geographical,Cherkassy,Cherkasy,2000,2,0,2,0.0
41,geographical,Cherkassy,Cherkasy,2005,1,0,1,0.0
41,geographical,Cherkassy,Cherkasy,2008,1,0,1,0.0
41,geographical,Cherkassy,Cherkasy,2009,0,1,1,1.0
41,geographical,Cherkassy,Cherkasy,2010,1,2,3,0.6667
41,geographical,Cherkassy,Cherkasy,2011,0,3,3,1.0
41,geographical,Cherkassy,Cherkasy,2012,2,3,5,0.6
41,geographical,Cherkassy,Cherkasy,2013,1,3,4,0.75
41,geographical,Cherkassy,Cherkasy,2014,2,5,7,0.7143
41,geographical,Cherkassy,Cherkasy,2015,0,4,4,1.0
41,geographical,Cherkassy,Cherkasy,2016,6,7,13,0.5385
41,geographical,Cherkassy,Cherkasy,2017,3,10,13,0.7692
41,geographical,Cherkassy,Cherkasy,2018,6,15,21,0.7143
41,geographical,Cherkassy,Cherkasy,2019,5,31,36,0.8611
41,geographical,Cherkassy,Cherkasy,2020,3,27,30,0.9
41,geographical,Cherkassy,Cherkasy,2021,4,33,37,0.8919
41,geographical,Cherkassy,Cherkasy,2022,0,27,27,1.0
41,geographical,Cherkassy,Cherkasy,2023,2,30,32,0.9375
41,geographical,Cherkassy,Cherkasy,2024,3,44,47,0.9362
41,geographical,Cherkassy,Cherkasy,2025,1,44,45,0.9778
41,geographical,Cherkassy,Cherkasy,2026,0,5,5,1.0
42,geographical,Uzhgorod,Uzhhorod,2000,2,0,2,0.0
42,geographical,Uzhgorod,Uzhhorod,2002,1,0,1,0.0
42,geographical,Uzhgorod,Uzhhorod,2003,2,1,3,0.3333
42,geographical,Uzhgorod,Uzhhorod,2004,0,1,1,1.0
42,geographical,Uzhgorod,Uzhhorod,2005,1,0,1,0.0
42,geographical,Uzhgorod,Uzhhorod,2006,5,0,5,0.0
42,geographical,Uzhgorod,Uzhhorod,2007,1,0,1,0.0
42,geographical,Uzhgorod,Uzhhorod,2008,1,0,1,0.0
42,geographical,Uzhgorod,Uzhhorod,2010,0,1,1,1.0
42,geographical,Uzhgorod,Uzhhorod,2011,0,1,1,1.0
42,geographical,Uzhgorod,Uzhhorod,2013,0,1,1,1.0
42,geographical,Uzhgorod,Uzhhorod,2014,1,1,2,0.5
42,geographical,Uzhgorod,Uzhhorod,2015,2,1,3,0.3333
42,geographical,Uzhgorod,Uzhhorod,2016,0,2,2,1.0
42,geographical,Uzhgorod,Uzhhorod,2017,3,3,6,0.5
42,geographical,Uzhgorod,Uzhhorod,2018,11,7,18,0.3889
42,geographical,Uzhgorod,Uzhhorod,2019,6,9,15,0.6
42,geographical,Uzhgorod,Uzhhorod,2020,3,13,16,0.8125
42,geographical,Uzhgorod,Uzhhorod,2021,1,7,8,0.875
42,geographical,Uzhgorod,Uzhhorod,2022,4,16,20,0.8
42,geographical,Uzhgorod,Uzhhorod,2023,8,22,30,0.7333
42,geographical,Uzhgorod,Uzhhorod,2024,8,22,30,0.7333
42,geographical,Uzhgorod,Uzhhorod,2025,2,19,21,0.9048
42,geographical,Uzhgorod,Uzhhorod,2026,0,1,1,1.0
43,geographical,Kremenchug,Kremenchuk,2000,1,0,1,0.0
43,geographical,Kremenchug,Kremenchuk,2001,1,0,1,0.0
43,geographical,Kremenchug,Kremenchuk,2003,2,0,2,0.0
43,geographical,Kremenchug,Kremenchuk,2007,1,0,1,0.0
43,geographical,Kremenchug,Kremenchuk,2008,1,0,1,0.0
43,geographical,Kremenchug,Kremenchuk,2009,1,0,1,0.0
43,geographical,Kremenchug,Kremenchuk,2010,0,1,1,1.0
43,geographical,Kremenchug,Kremenchuk,2012,1,1,2,0.5
43,geographical,Kremenchug,Kremenchuk,2013,2,1,3,0.3333
43,geographical,Kremenchug,Kremenchuk,2014,2,1,3,0.3333
43,geographical,Kremenchug,Kremenchuk,2015,2,0,2,0.0
43,geographical,Kremenchug,Kremenchuk,2016,8,1,9,0.1111
43,geographical,Kremenchug,Kremenchuk,2017,7,1,8,0.125
43,geographical,Kremenchug,Kremenchuk,2018,1,2,3,0.6667
43,geographical,Kremenchug,Kremenchuk,2019,2,6,8,0.75
43,geographical,Kremenchug,Kremenchuk,2020,3,6,9,0.6667
43,geographical,Kremenchug,Kremenchuk,2021,2,12,14,0.8571
43,geographical,Kremenchug,Kremenchuk,2022,2,8,10,0.8
43,geographical,Kremenchug,Kremenchuk,2023,1,8,9,0.8889
43,geographical,Kremenchug,Kremenchuk,2024,1,13,14,0.9286
43,geographical,Kremenchug,Kremenchuk,2025,1,7,8,0.875
43,geographical,Kremenchug,Kremenchuk,2026,1,1,2,0.5
44,geographical,Kirovograd,Kropyvnytskyi,2000,1,0,1,0.0
44,geographical,Kirovograd,Kropyvnytskyi,2003,1,0,1,0.0
44,geographical,Kirovograd,Kropyvnytskyi,2008,4,0,4,0.0
44,geographical,Kirovograd,Kropyvnytskyi,2010,1,0,1,0.0
44,geographical,Kirovograd,Kropyvnytskyi,2011,5,0,5,0.0
44,geographical,Kirovograd,Kropyvnytskyi,2012,6,0,6,0.0
44,geographical,Kirovograd,Kropyvnytskyi,2013,6,0,6,0.0
44,geographical,Kirovograd,Kropyvnytskyi,2014,6,0,6,0.0
44,geographical,Kirovograd,Kropyvnytskyi,2016,3,0,3,0.0
44,geographical,Kirovograd,Kropyvnytskyi,2017,3,0,3,0.0
44,geographical,Kirovograd,Kropyvnytskyi,2018,8,1,9,0.1111
44,geographical,Kirovograd,Kropyvnytskyi,2019,10,2,12,0.1667
44,geographical,Kirovograd,Kropyvnytskyi,2020,4,0,4,0.0
44,geographical,Kirovograd,Kropyvnytskyi,2021,1,6,7,0.8571
44,geographical,Kirovograd,Kropyvnytskyi,2022,3,0,3,0.0
44,geographical,Kirovograd,Kropyvnytskyi,2023,4,2,6,0.3333
44,geographical,Kirovograd,Kropyvnytskyi,2024,4,6,10,0.6
44,geographical,Kirovograd,Kropyvnytskyi,2025,1,7,8,0.875
44,geographical,Kirovograd,Kropyvnytskyi,2026,4,0,4,0.0
45,geographical,Ternopol,Ternopil,2000,0,1,1,1.0
45,geographical,Ternopol,Ternopil,2001,0,1,1,1.0
45,geographical,Ternopol,Ternopil,2003,1,0,1,0.0
45,geographical,Ternopol,Ternopil,2004,1,1,2,0.5
45,geographical,Ternopol,Ternopil,2005,0,6,6,1.0
45,geographical,Ternopol,Ternopil,2006,0,4,4,1.0
45,geographical,Ternopol,Ternopil,2008,0,1,1,1.0
45,geographical,Ternopol,Ternopil,2009,0,3,3,1.0
45,geographical,Ternopol,Ternopil,2010,0,3,3,1.0
45,geographical,Ternopol,Ternopil,2011,0,1,1,1.0
45,geographical,Ternopol,Ternopil,2012,0,5,5,1.0
45,geographical,Ternopol,Ternopil,2013,0,9,9,1.0
45,geographical,Ternopol,Ternopil,2014,0,10,10,1.0
45,geographical,Ternopol,Ternopil,2015,0,5,5,1.0
45,geographical,Ternopol,Ternopil,2016,0,14,14,1.0
45,geographical,Ternopol,Ternopil,2017,0,30,30,1.0
45,geographical,Ternopol,Ternopil,2018,0,29,29,1.0
45,geographical,Ternopol,Ternopil,2019,0,54,54,1.0
45,geographical,Ternopol,Ternopil,2020,1,41,42,0.9762
45,geographical,Ternopol,Ternopil,2021,2,53,55,0.9636
45,geographical,Ternopol,Ternopil,2022,2,54,56,0.9643
45,geographical,Ternopol,Ternopil,2023,3,56,59,0.9492
45,geographical,Ternopol,Ternopil,2024,4,58,62,0.9355
45,geographical,Ternopol,Ternopil,2025,0,58,58,1.0
45,geographical,Ternopol,Ternopil,2026,0,5,5,1.0
21,food,Chicken Kiev,Chicken Kyiv,2022,0,1,1,1.0
21,food,Chicken Kiev,Chicken Kyiv,2024,0,1,1,1.0
23,food,Borscht,Borshch,2000,1,0,1,0.0
23,food,Borscht,Borshch,2001,1,0,1,0.0
23,food,Borscht,Borshch,2003,1,0,1,0.0
23,food,Borscht,Borshch,2004,1,0,1,0.0
23,food,Borscht,Borshch,2007,2,0,2,0.0
23,food,Borscht,Borshch,2008,1,0,1,0.0
23,food,Borscht,Borshch,2010,1,0,1,0.0
23,food,Borscht,Borshch,2012,4,0,4,0.0
23,food,Borscht,Borshch,2013,4,0,4,0.0
23,food,Borscht,Borshch,2014,7,0,7,0.0
23,food,Borscht,Borshch,2015,2,0,2,0.0
23,food,Borscht,Borshch,2016,5,1,6,0.1667
23,food,Borscht,Borshch,2017,2,0,2,0.0
23,food,Borscht,Borshch,2018,4,0,4,0.0
23,food,Borscht,Borshch,2019,5,1,6,0.1667
23,food,Borscht,Borshch,2020,1,1,2,0.5
23,food,Borscht,Borshch,2021,1,2,3,0.6667
23,food,Borscht,Borshch,2022,0,1,1,1.0
23,food,Borscht,Borshch,2023,4,1,5,0.2
23,food,Borscht,Borshch,2024,1,1,2,0.5
23,food,Borscht,Borshch,2025,2,1,3,0.3333
23,food,Borscht,Borshch,2026,0,7,7,1.0
64,food,Borsch,Borshch,2001,2,0,2,0.0
64,food,Borsch,Borshch,2004,1,0,1,0.0
64,food,Borsch,Borshch,2005,1,0,1,0.0
64,food,Borsch,Borshch,2006,5,0,5,0.0
64,food,Borsch,Borshch,2007,3,0,3,0.0
64,food,Borsch,Borshch,2008,3,0,3,0.0
64,food,Borsch,Borshch,2009,2,0,2,0.0
64,food,Borsch,Borshch,2010,1,0,1,0.0
64,food,Borsch,Borshch,2013,1,0,1,0.0
64,food,Borsch,Borshch,2014,1,0,1,0.0
64,food,Borsch,Borshch,2016,2,1,3,0.3333
64,food,Borsch,Borshch,2018,3,0,3,0.0
64,food,Borsch,Borshch,2019,5,1,6,0.1667
64,food,Borsch,Borshch,2020,10,1,11,0.0909
64,food,Borsch,Borshch,2021,2,2,4,0.5
64,food,Borsch,Borshch,2022,3,1,4,0.25
64,food,Borsch,Borshch,2023,3,1,4,0.25
64,food,Borsch,Borshch,2024,4,1,5,0.2
64,food,Borsch,Borshch,2025,1661,1,1662,0.0006
64,food,Borsch,Borshch,2026,294,7,301,0.0233
46,food,Vareniki,Varenyky,2022,0,1,1,1.0
46,food,Vareniki,Varenyky,2024,0,1,1,1.0
24,landmarks,Kiev Pechersk Lavra,Kyiv Pechersk Lavra,2006,0,1,1,1.0
24,landmarks,Kiev Pechersk Lavra,Kyiv Pechersk Lavra,2014,2,1,3,0.3333
24,landmarks,Kiev Pechersk Lavra,Kyiv Pechersk Lavra,2015,1,1,2,0.5
24,landmarks,Kiev Pechersk Lavra,Kyiv Pechersk Lavra,2016,2,3,5,0.6
24,landmarks,Kiev Pechersk Lavra,Kyiv Pechersk Lavra,2017,1,3,4,0.75
24,landmarks,Kiev Pechersk Lavra,Kyiv Pechersk Lavra,2018,1,6,7,0.8571
24,landmarks,Kiev Pechersk Lavra,Kyiv Pechersk Lavra,2019,0,7,7,1.0
24,landmarks,Kiev Pechersk Lavra,Kyiv Pechersk Lavra,2020,2,6,8,0.75
24,landmarks,Kiev Pechersk Lavra,Kyiv Pechersk Lavra,2021,1,7,8,0.875
24,landmarks,Kiev Pechersk Lavra,Kyiv Pechersk Lavra,2022,0,7,7,1.0
24,landmarks,Kiev Pechersk Lavra,Kyiv Pechersk Lavra,2023,0,7,7,1.0
24,landmarks,Kiev Pechersk Lavra,Kyiv Pechersk Lavra,2024,0,13,13,1.0
24,landmarks,Kiev Pechersk Lavra,Kyiv Pechersk Lavra,2025,0,9,9,1.0
25,landmarks,Saint Sophia Cathedral Kiev,Saint Sophia Cathedral Kyiv,2020,1,1,2,0.5
25,landmarks,Saint Sophia Cathedral Kiev,Saint Sophia Cathedral Kyiv,2023,0,1,1,1.0
25,landmarks,Saint Sophia Cathedral Kiev,Saint Sophia Cathedral Kyiv,2024,0,1,1,1.0
25,landmarks,Saint Sophia Cathedral Kiev,Saint Sophia Cathedral Kyiv,2025,0,1,1,1.0
26,landmarks,Chernobyl Exclusion Zone,Chornobyl Exclusion Zone,2000,5,0,5,0.0
26,landmarks,Chernobyl Exclusion Zone,Chornobyl Exclusion Zone,2001,9,4,13,0.3077
26,landmarks,Chernobyl Exclusion Zone,Chornobyl Exclusion Zone,2002,4,2,6,0.3333
26,landmarks,Chernobyl Exclusion Zone,Chornobyl Exclusion Zone,2003,10,1,11,0.0909
26,landmarks,Chernobyl Exclusion Zone,Chornobyl Exclusion Zone,2004,4,0,4,0.0
26,landmarks,Chernobyl Exclusion Zone,Chornobyl Exclusion Zone,2005,12,2,14,0.1429
26,landmarks,Chernobyl Exclusion Zone,Chornobyl Exclusion Zone,2006,12,0,12,0.0
26,landmarks,Chernobyl Exclusion Zone,Chornobyl Exclusion Zone,2007,1,2,3,0.6667
26,landmarks,Chernobyl Exclusion Zone,Chornobyl Exclusion Zone,2008,12,0,12,0.0
26,landmarks,Chernobyl Exclusion Zone,Chornobyl Exclusion Zone,2009,19,0,19,0.0
26,landmarks,Chernobyl Exclusion Zone,Chornobyl Exclusion Zone,2010,8,1,9,0.1111
26,landmarks,Chernobyl Exclusion Zone,Chornobyl Exclusion Zone,2011,25,2,27,0.0741
26,landmarks,Chernobyl Exclusion Zone,Chornobyl Exclusion Zone,2012,10,0,10,0.0
26,landmarks,Chernobyl Exclusion Zone,Chornobyl Exclusion Zone,2013,12,4,16,0.25
26,landmarks,Chernobyl Exclusion Zone,Chornobyl Exclusion Zone,2014,9,1,10,0.1
26,landmarks,Chernobyl Exclusion Zone,Chornobyl Exclusion Zone,2015,8,3,11,0.2727
26,landmarks,Chernobyl Exclusion Zone,Chornobyl Exclusion Zone,2016,16,6,22,0.2727
26,landmarks,Chernobyl Exclusion Zone,Chornobyl Exclusion Zone,2017,21,4,25,0.16
26,landmarks,Chernobyl Exclusion Zone,Chornobyl Exclusion Zone,2018,17,4,21,0.1905
26,landmarks,Chernobyl Exclusion Zone,Chornobyl Exclusion Zone,2019,30,8,38,0.2105
26,landmarks,Chernobyl Exclusion Zone,Chornobyl Exclusion Zone,2020,36,10,46,0.2174
26,landmarks,Chernobyl Exclusion Zone,Chornobyl Exclusion Zone,2021,23,12,35,0.3429
26,landmarks,Chernobyl Exclusion Zone,Chornobyl Exclusion Zone,2022,32,14,46,0.3043
26,landmarks,Chernobyl Exclusion Zone,Chornobyl Exclusion Zone,2023,19,21,40,0.525
26,landmarks,Chernobyl Exclusion Zone,Chornobyl Exclusion Zone,2024,15,20,35,0.5714
26,landmarks,Chernobyl Exclusion Zone,Chornobyl Exclusion Zone,2025,17,14,31,0.4516
26,landmarks,Chernobyl Exclusion Zone,Chornobyl Exclusion Zone,2026,5,3,8,0.375
54,landmarks,Babi Yar,Babyn Yar,2002,3,0,3,0.0
54,landmarks,Babi Yar,Babyn Yar,2003,6,0,6,0.0
54,landmarks,Babi Yar,Babyn Yar,2004,2,0,2,0.0
54,landmarks,Babi Yar,Babyn Yar,2005,2,0,2,0.0
54,landmarks,Babi Yar,Babyn Yar,2007,3,0,3,0.0
54,landmarks,Babi Yar,Babyn Yar,2008,2,0,2,0.0
54,landmarks,Babi Yar,Babyn Yar,2010,1,0,1,0.0
54,landmarks,Babi Yar,Babyn Yar,2011,2,0,2,0.0
54,landmarks,Babi Yar,Babyn Yar,2012,3,0,3,0.0
54,landmarks,Babi Yar,Babyn Yar,2013,2,0,2,0.0
54,landmarks,Babi Yar,Babyn Yar,2014,2,0,2,0.0
54,landmarks,Babi Yar,Babyn Yar,2015,13,0,13,0.0
54,landmarks,Babi Yar,Babyn Yar,2016,7,3,10,0.3
54,landmarks,Babi Yar,Babyn Yar,2017,7,2,9,0.2222
54,landmarks,Babi Yar,Babyn Yar,2018,10,1,11,0.0909
54,landmarks,Babi Yar,Babyn Yar,2019,1,2,3,0.6667
54,landmarks,Babi Yar,Babyn Yar,2020,4,0,4,0.0
54,landmarks,Babi Yar,Babyn Yar,2021,4,4,8,0.5
54,landmarks,Babi Yar,Babyn Yar,2022,12,10,22,0.4545
54,landmarks,Babi Yar,Babyn Yar,2023,7,30,37,0.8108
54,landmarks,Babi Yar,Babyn Yar,2024,0,9,9,1.0
54,landmarks,Babi Yar,Babyn Yar,2025,1,22,23,0.9565
54,landmarks,Babi Yar,Babyn Yar,2026,1,0,1,0.0
55,landmarks,Potemkin Stairs Odessa,Potemkin Stairs Odesa,2014,1,0,1,0.0
56,landmarks,Motherland Monument Kiev,Motherland Monument Kyiv,2022,2,2,4,0.5
27,country,the Ukraine,Ukraine,2000,722,722,1444,0.5
27,country,the Ukraine,Ukraine,2001,695,695,1390,0.5
27,country,the Ukraine,Ukraine,2002,707,707,1414,0.5
27,country,the Ukraine,Ukraine,2003,731,731,1462,0.5
27,country,the Ukraine,Ukraine,2004,807,807,1614,0.5
27,country,the Ukraine,Ukraine,2005,900,900,1800,0.5
27,country,the Ukraine,Ukraine,2006,1078,1078,2156,0.5
27,country,the Ukraine,Ukraine,2007,1151,1151,2302,0.5
27,country,the Ukraine,Ukraine,2008,1353,1353,2706,0.5
27,country,the Ukraine,Ukraine,2009,1844,1844,3688,0.5
27,country,the Ukraine,Ukraine,2010,1982,1982,3964,0.5
27,country,the Ukraine,Ukraine,2011,2097,2097,4194,0.5
27,country,the Ukraine,Ukraine,2012,2645,2645,5290,0.5
27,country,the Ukraine,Ukraine,2013,3703,3703,7406,0.5
27,country,the Ukraine,Ukraine,2014,4808,4808,9616,0.5
27,country,the Ukraine,Ukraine,2015,5385,5385,10770,0.5
27,country,the Ukraine,Ukraine,2016,6248,6248,12496,0.5
27,country,the Ukraine,Ukraine,2017,6954,6954,13908,0.5
27,country,the Ukraine,Ukraine,2018,9600,9600,19200,0.5
27,country,the Ukraine,Ukraine,2019,14189,14189,28378,0.5
27,country,the Ukraine,Ukraine,2020,15144,15144,30288,0.5
27,country,the Ukraine,Ukraine,2021,14529,14529,29058,0.5
27,country,the Ukraine,Ukraine,2022,18528,18528,37056,0.5
27,country,the Ukraine,Ukraine,2023,20942,20942,41884,0.5
27,country,the Ukraine,Ukraine,2024,20282,20282,40564,0.5
27,country,the Ukraine,Ukraine,2025,21054,21054,42108,0.5
27,country,the Ukraine,Ukraine,2026,3745,3745,7490,0.5
28,institutional,Kiev National University,Kyiv National University,2003,0,2,2,1.0
28,institutional,Kiev National University,Kyiv National University,2004,0,3,3,1.0
28,institutional,Kiev National University,Kyiv National University,2006,1,1,2,0.5
28,institutional,Kiev National University,Kyiv National University,2007,0,2,2,1.0
28,institutional,Kiev National University,Kyiv National University,2008,1,1,2,0.5
28,institutional,Kiev National University,Kyiv National University,2009,0,3,3,1.0
28,institutional,Kiev National University,Kyiv National University,2010,2,1,3,0.3333
28,institutional,Kiev National University,Kyiv National University,2011,1,3,4,0.75
28,institutional,Kiev National University,Kyiv National University,2012,2,5,7,0.7143
28,institutional,Kiev National University,Kyiv National University,2013,3,2,5,0.4
28,institutional,Kiev National University,Kyiv National University,2014,1,6,7,0.8571
28,institutional,Kiev National University,Kyiv National University,2015,0,8,8,1.0
28,institutional,Kiev National University,Kyiv National University,2016,0,14,14,1.0
28,institutional,Kiev National University,Kyiv National University,2017,0,13,13,1.0
28,institutional,Kiev National University,Kyiv National University,2018,0,12,12,1.0
28,institutional,Kiev National University,Kyiv National University,2019,2,31,33,0.9394
28,institutional,Kiev National University,Kyiv National University,2020,1,23,24,0.9583
28,institutional,Kiev National University,Kyiv National University,2021,4,31,35,0.8857
28,institutional,Kiev National University,Kyiv National University,2022,0,7,7,1.0
28,institutional,Kiev National University,Kyiv National University,2023,0,22,22,1.0
28,institutional,Kiev National University,Kyiv National University,2024,0,22,22,1.0
28,institutional,Kiev National University,Kyiv National University,2025,0,15,15,1.0
29,institutional,Kharkov University,Kharkiv University,2000,2,0,2,0.0
29,institutional,Kharkov University,Kharkiv University,2002,3,1,4,0.25
29,institutional,Kharkov University,Kharkiv University,2004,0,1,1,1.0
29,institutional,Kharkov University,Kharkiv University,2005,2,1,3,0.3333
29,institutional,Kharkov University,Kharkiv University,2007,2,0,2,0.0
29,institutional,Kharkov University,Kharkiv University,2008,5,0,5,0.0
29,institutional,Kharkov University,Kharkiv University,2009,2,3,5,0.6
29,institutional,Kharkov University,Kharkiv University,2010,2,0,2,0.0
29,institutional,Kharkov University,Kharkiv University,2012,0,2,2,1.0
29,institutional,Kharkov University,Kharkiv University,2013,1,5,6,0.8333
29,institutional,Kharkov University,Kharkiv University,2014,1,4,5,0.8
29,institutional,Kharkov University,Kharkiv University,2015,0,3,3,1.0
29,institutional,Kharkov University,Kharkiv University,2016,1,9,10,0.9
29,institutional,Kharkov University,Kharkiv University,2017,1,8,9,0.8889
29,institutional,Kharkov University,Kharkiv University,2018,5,23,28,0.8214
29,institutional,Kharkov University,Kharkiv University,2019,4,46,50,0.92
29,institutional,Kharkov University,Kharkiv University,2020,3,34,37,0.9189
29,institutional,Kharkov University,Kharkiv University,2021,2,34,36,0.9444
29,institutional,Kharkov University,Kharkiv University,2022,4,21,25,0.84
29,institutional,Kharkov University,Kharkiv University,2023,0,22,22,1.0
29,institutional,Kharkov University,Kharkiv University,2024,1,26,27,0.963
29,institutional,Kharkov University,Kharkiv University,2025,0,35,35,1.0
29,institutional,Kharkov University,Kharkiv University,2026,0,13,13,1.0
30,institutional,Kiev Polytechnic,Kyiv Polytechnic,2004,0,1,1,1.0
30,institutional,Kiev Polytechnic,Kyiv Polytechnic,2008,1,1,2,0.5
30,institutional,Kiev Polytechnic,Kyiv Polytechnic,2009,2,0,2,0.0
30,institutional,Kiev Polytechnic,Kyiv Polytechnic,2011,0,2,2,1.0
30,institutional,Kiev Polytechnic,Kyiv Polytechnic,2013,0,1,1,1.0
30,institutional,Kiev Polytechnic,Kyiv Polytechnic,2014,0,1,1,1.0
30,institutional,Kiev Polytechnic,Kyiv Polytechnic,2015,0,2,2,1.0
30,institutional,Kiev Polytechnic,Kyiv Polytechnic,2016,1,2,3,0.6667
30,institutional,Kiev Polytechnic,Kyiv Polytechnic,2017,0,2,2,1.0
30,institutional,Kiev Polytechnic,Kyiv Polytechnic,2019,0,4,4,1.0
30,institutional,Kiev Polytechnic,Kyiv Polytechnic,2020,0,3,3,1.0
30,institutional,Kiev Polytechnic,Kyiv Polytechnic,2021,0,9,9,1.0
30,institutional,Kiev Polytechnic,Kyiv Polytechnic,2022,0,4,4,1.0
30,institutional,Kiev Polytechnic,Kyiv Polytechnic,2023,0,10,10,1.0
30,institutional,Kiev Polytechnic,Kyiv Polytechnic,2024,0,5,5,1.0
30,institutional,Kiev Polytechnic,Kyiv Polytechnic,2025,0,7,7,1.0
31,institutional,Kiev Patriarchate,Kyiv Patriarchate,2017,0,1,1,1.0
31,institutional,Kiev Patriarchate,Kyiv Patriarchate,2018,0,1,1,1.0
31,institutional,Kiev Patriarchate,Kyiv Patriarchate,2019,0,1,1,1.0
31,institutional,Kiev Patriarchate,Kyiv Patriarchate,2021,0,1,1,1.0
31,institutional,Kiev Patriarchate,Kyiv Patriarchate,2022,0,1,1,1.0
31,institutional,Kiev Patriarchate,Kyiv Patriarchate,2023,0,2,2,1.0
31,institutional,Kiev Patriarchate,Kyiv Patriarchate,2024,0,1,1,1.0
57,institutional,Lvov Polytechnic,Lviv Polytechnic,2003,0,1,1,1.0
57,institutional,Lvov Polytechnic,Lviv Polytechnic,2009,0,2,2,1.0
57,institutional,Lvov Polytechnic,Lviv Polytechnic,2011,1,2,3,0.6667
57,institutional,Lvov Polytechnic,Lviv Polytechnic,2013,0,1,1,1.0
57,institutional,Lvov Polytechnic,Lviv Polytechnic,2014,2,1,3,0.3333
57,institutional,Lvov Polytechnic,Lviv Polytechnic,2015,0,2,2,1.0
57,institutional,Lvov Polytechnic,Lviv Polytechnic,2017,0,11,11,1.0
57,institutional,Lvov Polytechnic,Lviv Polytechnic,2018,0,3,3,1.0
57,institutional,Lvov Polytechnic,Lviv Polytechnic,2019,0,9,9,1.0
57,institutional,Lvov Polytechnic,Lviv Polytechnic,2020,0,4,4,1.0
57,institutional,Lvov Polytechnic,Lviv Polytechnic,2021,0,13,13,1.0
57,institutional,Lvov Polytechnic,Lviv Polytechnic,2022,0,14,14,1.0
57,institutional,Lvov Polytechnic,Lviv Polytechnic,2023,1,11,12,0.9167
57,institutional,Lvov Polytechnic,Lviv Polytechnic,2024,0,5,5,1.0
57,institutional,Lvov Polytechnic,Lviv Polytechnic,2025,0,5,5,1.0
58,institutional,Odessa National University,Odesa National University,2006,1,0,1,0.0
58,institutional,Odessa National University,Odesa National University,2010,2,0,2,0.0
58,institutional,Odessa National University,Odesa National University,2012,2,0,2,0.0
58,institutional,Odessa National University,Odesa National University,2013,2,0,2,0.0
58,institutional,Odessa National University,Odesa National University,2014,0,1,1,1.0
58,institutional,Odessa National University,Odesa National University,2015,3,11,14,0.7857
58,institutional,Odessa National University,Odesa National University,2016,5,0,5,0.0
58,institutional,Odessa National University,Odesa National University,2017,7,4,11,0.3636
58,institutional,Odessa National University,Odesa National University,2018,22,10,32,0.3125
58,institutional,Odessa National University,Odesa National University,2019,33,5,38,0.1316
58,institutional,Odessa National University,Odesa National University,2020,6,4,10,0.4
58,institutional,Odessa National University,Odesa National University,2021,9,4,13,0.3077
58,institutional,Odessa National University,Odesa National University,2022,1,6,7,0.8571
58,institutional,Odessa National University,Odesa National University,2023,3,8,11,0.7273
58,institutional,Odessa National University,Odesa National University,2024,1,6,7,0.8571
58,institutional,Odessa National University,Odesa National University,2025,6,6,12,0.5
58,institutional,Odessa National University,Odesa National University,2026,1,1,2,0.5
32,sports,Dynamo Kiev,Dynamo Kyiv,2002,1,0,1,0.0
32,sports,Dynamo Kiev,Dynamo Kyiv,2011,1,0,1,0.0
34,sports,Kiev ballet,Kyiv ballet,2007,2,0,2,0.0
34,sports,Kiev ballet,Kyiv ballet,2016,0,1,1,1.0
34,sports,Kiev ballet,Kyiv ballet,2018,1,0,1,0.0
34,sports,Kiev ballet,Kyiv ballet,2019,1,0,1,0.0
34,sports,Kiev ballet,Kyiv ballet,2020,0,2,2,1.0
34,sports,Kiev ballet,Kyiv ballet,2021,0,1,1,1.0
34,sports,Kiev ballet,Kyiv ballet,2024,0,3,3,1.0
34,sports,Kiev ballet,Kyiv ballet,2025,1,3,4,0.75
53,sports,Karpaty Lvov,Karpaty Lviv,2022,0,1,1,1.0
53,sports,Karpaty Lvov,Karpaty Lviv,2024,0,1,1,1.0
35,historical,Kievan Rus,Kyivan Rus,2000,3,0,3,0.0
35,historical,Kievan Rus,Kyivan Rus,2001,1,2,3,0.6667
35,historical,Kievan Rus,Kyivan Rus,2002,1,0,1,0.0
35,historical,Kievan Rus,Kyivan Rus,2003,2,2,4,0.5
35,historical,Kievan Rus,Kyivan Rus,2004,5,0,5,0.0
35,historical,Kievan Rus,Kyivan Rus,2005,3,0,3,0.0
35,historical,Kievan Rus,Kyivan Rus,2006,2,0,2,0.0
35,historical,Kievan Rus,Kyivan Rus,2007,1,0,1,0.0
35,historical,Kievan Rus,Kyivan Rus,2008,4,0,4,0.0
35,historical,Kievan Rus,Kyivan Rus,2009,2,0,2,0.0
35,historical,Kievan Rus,Kyivan Rus,2010,4,1,5,0.2
35,historical,Kievan Rus,Kyivan Rus,2011,2,0,2,0.0
35,historical,Kievan Rus,Kyivan Rus,2012,8,1,9,0.1111
35,historical,Kievan Rus,Kyivan Rus,2013,16,2,18,0.1111
35,historical,Kievan Rus,Kyivan Rus,2014,15,0,15,0.0
35,historical,Kievan Rus,Kyivan Rus,2015,11,4,15,0.2667
35,historical,Kievan Rus,Kyivan Rus,2016,16,4,20,0.2
35,historical,Kievan Rus,Kyivan Rus,2017,11,4,15,0.2667
35,historical,Kievan Rus,Kyivan Rus,2018,17,12,29,0.4138
35,historical,Kievan Rus,Kyivan Rus,2019,23,4,27,0.1481
35,historical,Kievan Rus,Kyivan Rus,2020,16,7,23,0.3043
35,historical,Kievan Rus,Kyivan Rus,2021,13,14,27,0.5185
35,historical,Kievan Rus,Kyivan Rus,2022,12,9,21,0.4286
35,historical,Kievan Rus,Kyivan Rus,2023,9,17,26,0.6538
35,historical,Kievan Rus,Kyivan Rus,2024,15,15,30,0.5
35,historical,Kievan Rus,Kyivan Rus,2025,5,23,28,0.8214
35,historical,Kievan Rus,Kyivan Rus,2026,0,1,1,1.0
36,historical,Kazak,Kozak,2000,15,7,22,0.3182
36,historical,Kazak,Kozak,2001,29,6,35,0.1714
36,historical,Kazak,Kozak,2002,16,8,24,0.3333
36,historical,Kazak,Kozak,2003,31,11,42,0.2619
36,historical,Kazak,Kozak,2004,29,9,38,0.2368
36,historical,Kazak,Kozak,2005,51,7,58,0.1207
36,historical,Kazak,Kozak,2006,34,18,52,0.3462
36,historical,Kazak,Kozak,2007,41,13,54,0.2407
36,historical,Kazak,Kozak,2008,61,25,86,0.2907
36,historical,Kazak,Kozak,2009,65,9,74,0.1216
36,historical,Kazak,Kozak,2010,65,13,78,0.1667
36,historical,Kazak,Kozak,2011,72,18,90,0.2
36,historical,Kazak,Kozak,2012,66,10,76,0.1316
36,historical,Kazak,Kozak,2013,78,14,92,0.1522
36,historical,Kazak,Kozak,2014,56,23,79,0.2911
36,historical,Kazak,Kozak,2015,78,15,93,0.1613
36,historical,Kazak,Kozak,2016,54,18,72,0.25
36,historical,Kazak,Kozak,2017,77,15,92,0.163
36,historical,Kazak,Kozak,2018,67,9,76,0.1184
36,historical,Kazak,Kozak,2019,62,11,73,0.1507
36,historical,Kazak,Kozak,2020,53,15,68,0.2206
36,historical,Kazak,Kozak,2021,56,12,68,0.1765
36,historical,Kazak,Kozak,2022,64,16,80,0.2
36,historical,Kazak,Kozak,2023,65,20,85,0.2353
36,historical,Kazak,Kozak,2024,50,15,65,0.2308
36,historical,Kazak,Kozak,2025,75,27,102,0.2647
36,historical,Kazak,Kozak,2026,15,3,18,0.1667
48,historical,Gopak,Hopak,2001,0,1,1,1.0
48,historical,Gopak,Hopak,2002,1,0,1,0.0
48,historical,Gopak,Hopak,2006,0,1,1,1.0
48,historical,Gopak,Hopak,2007,1,0,1,0.0
48,historical,Gopak,Hopak,2014,0,1,1,1.0
48,historical,Gopak,Hopak,2016,0,1,1,1.0
48,historical,Gopak,Hopak,2020,0,3,3,1.0
48,historical,Gopak,Hopak,2021,0,2,2,1.0
48,historical,Gopak,Hopak,2022,1,1,2,0.5
48,historical,Gopak,Hopak,2023,1,1,2,0.5
48,historical,Gopak,Hopak,2024,0,1,1,1.0
48,historical,Gopak,Hopak,2026,1,0,1,0.0
60,people,Alexander Usyk,Oleksandr Usyk,2023,0,1,1,1.0
60,people,Alexander Usyk,Oleksandr Usyk,2024,0,1,1,1.0
61,people,Vladimir Zelensky,Volodymyr Zelenskyy,2019,3,1,4,0.25
61,people,Vladimir Zelensky,Volodymyr Zelenskyy,2020,0,1,1,1.0
61,people,Vladimir Zelensky,Volodymyr Zelenskyy,2021,1,0,1,0.0
61,people,Vladimir Zelensky,Volodymyr Zelenskyy,2022,1,6,7,0.8571
61,people,Vladimir Zelensky,Volodymyr Zelenskyy,2023,0,7,7,1.0
61,people,Vladimir Zelensky,Volodymyr Zelenskyy,2024,2,2,4,0.5
61,people,Vladimir Zelensky,Volodymyr Zelenskyy,2025,1,6,7,0.8571
61,people,Vladimir Zelensky,Volodymyr Zelenskyy,2026,0,2,2,1.0
62,people,Andrei Shevchenko,Andriy Shevchenko,2010,0,1,1,1.0
62,people,Andrei Shevchenko,Andriy Shevchenko,2012,0,1,1,1.0
62,people,Andrei Shevchenko,Andriy Shevchenko,2013,1,0,1,0.0
