pair_id,variant,term,subreddit,time_filter,count,source
10,russian,Chernobyl,ukraine,all,100,reddit_search
10,russian,Chernobyl,worldnews,all,100,reddit_search
10,russian,Chernobyl,europe,all,100,reddit_search
10,ukrainian,Chornobyl,ukraine,all,100,reddit_search
10,ukrainian,Chornobyl,worldnews,all,30,reddit_search
10,ukrainian,Chornobyl,europe,all,29,reddit_search
10,russian,Chernobyl,ukraine,year,5,reddit_search
10,russian,Chernobyl,worldnews,year,24,reddit_search
10,russian,Chernobyl,europe,year,17,reddit_search
10,ukrainian,Chornobyl,ukraine,year,48,reddit_search
10,ukrainian,Chornobyl,worldnews,year,11,reddit_search
10,ukrainian,Chornobyl,europe,year,8,reddit_search
10,russian,Chernobyl,ukraine,month,1,reddit_search
10,russian,Chernobyl,worldnews,month,1,reddit_search
10,russian,Chernobyl,europe,month,1,reddit_search
10,ukrainian,Chornobyl,ukraine,month,1,reddit_search
10,ukrainian,Chornobyl,worldnews,month,2,reddit_search
10,ukrainian,Chornobyl,europe,month,0,reddit_search
10,russian,Chernobyl,all,year_2015,0,arctic_shift
10,russian,Chernobyl,all,year_2016,0,arctic_shift
10,russian,Chernobyl,all,year_2017,0,arctic_shift
10,russian,Chernobyl,all,year_2018,0,arctic_shift
10,russian,Chernobyl,all,year_2019,0,arctic_shift
10,russian,Chernobyl,all,year_2020,0,arctic_shift
10,russian,Chernobyl,all,year_2021,0,arctic_shift
10,russian,Chernobyl,all,year_2022,0,arctic_shift
10,russian,Chernobyl,all,year_2023,0,arctic_shift
10,russian,Chernobyl,all,year_2024,0,arctic_shift
10,russian,Chernobyl,all,year_2025,0,arctic_shift
10,russian,Chernobyl,all,year_2026,0,arctic_shift
10,ukrainian,Chornobyl,all,year_2015,0,arctic_shift
10,ukrainian,Chornobyl,all,year_2016,0,arctic_shift
10,ukrainian,Chornobyl,all,year_2017,0,arctic_shift
10,ukrainian,Chornobyl,all,year_2018,0,arctic_shift
10,ukrainian,Chornobyl,all,year_2019,0,arctic_shift
10,ukrainian,Chornobyl,all,year_2020,0,arctic_shift
10,ukrainian,Chornobyl,all,year_2021,0,arctic_shift
10,ukrainian,Chornobyl,all,year_2022,0,arctic_shift
10,ukrainian,Chornobyl,all,year_2023,0,arctic_shift
10,ukrainian,Chornobyl,all,year_2024,0,arctic_shift
10,ukrainian,Chornobyl,all,year_2025,0,arctic_shift
10,ukrainian,Chornobyl,all,year_2026,0,arctic_shift
